exp_num,size,real_synt,identity,difficulty,target,num_distractors,gold_index,max_len,desc_len,char_len,new_words,known_words,meaning_words,receiver_success,receiver_accuracy,overseer_success,overseer_accuracy,description,receiver_guess,overseer_guess,sender_language,receiver_language,candidate_paths
0,1_by_1,generated,True,random,176,9,4,1,1,7,1,0,0,1,0.00,1,0.00,blorple,"the description ""blorple"" does not provide any recognizable or specific information about the images. without a clear description, it's impossible to determine which image matches. therefore, i cannot select an image based on the given description.",1,,,"['/Users/boazc/workarea/phd/country-flags/combined_generated_flags/1_by_1/png//1/061.png', '/Users/boazc/workarea/phd/country-flags/combined_generated_flags/1_by_1/png//1/019.png', '/Users/boazc/workarea/phd/country-flags/combined_generated_flags/1_by_1/png//1/104.png', '/Users/boazc/workarea/phd/country-flags/combined_generated_flags/1_by_1/png//1/176.png', '/Users/boazc/workarea/phd/country-flags/combined_generated_flags/1_by_1/png//1/047.png', '/Users/boazc/workarea/phd/country-flags/combined_generated_flags/1_by_1/png//1/108.png', '/Users/boazc/workarea/phd/country-flags/combined_generated_flags/1_by_1/png//1/146.png', '/Users/boazc/workarea/phd/country-flags/combined_generated_flags/1_by_1/png//1/010.png', '/Users/boazc/workarea/phd/country-flags/combined_generated_flags/1_by_1/png//1/132.png', '/Users/boazc/workarea/phd/country-flags/combined_generated_flags/1_by_1/png//1/099.png']"
1,1_by_1,generated,True,random,002,9,4,1,1,8,1,0,0,1,0.00,1,0.00,blorptag,"the description ""blorptag"" does not provide any meaningful information to identify the target image. however, based on the images provided, i will make a random guess. i choose image **7**.",1,,,"['/Users/boazc/workarea/phd/country-flags/combined_generated_flags/1_by_1/png//1/032.png', '/Users/boazc/workarea/phd/country-flags/combined_generated_flags/1_by_1/png//1/230.png', '/Users/boazc/workarea/phd/country-flags/combined_generated_flags/1_by_1/png//1/037.png', '/Users/boazc/workarea/phd/country-flags/combined_generated_flags/1_by_1/png//1/002.png', '/Users/boazc/workarea/phd/country-flags/combined_generated_flags/1_by_1/png//1/023.png', '/Users/boazc/workarea/phd/country-flags/combined_generated_flags/1_by_1/png//1/202.png', '/Users/boazc/workarea/phd/country-flags/combined_generated_flags/1_by_1/png//1/058.png', '/Users/boazc/workarea/phd/country-flags/combined_generated_flags/1_by_1/png//1/018.png', '/Users/boazc/workarea/phd/country-flags/combined_generated_flags/1_by_1/png//1/188.png', '/Users/boazc/workarea/phd/country-flags/combined_generated_flags/1_by_1/png//1/182.png']"
2,1_by_1,generated,True,random,200,9,4,1,1,8,1,0,0,1,0.00,1,0.00,blorptwo,"the description ""blorptwo"" does not provide any clear information about the content of the images. without a meaningful description, it's impossible to determine which image matches. however, if ""blorptwo"" is meant to refer to a specific image based on some prior knowledge or context, i would need that context to make an informed choice.   in the absence of such context, i will randomly select an image. i choose image **2**.",5,,,"['/Users/boazc/workarea/phd/country-flags/combined_generated_flags/1_by_1/png//1/215.png', '/Users/boazc/workarea/phd/country-flags/combined_generated_flags/1_by_1/png//1/058.png', '/Users/boazc/workarea/phd/country-flags/combined_generated_flags/1_by_1/png//1/039.png', '/Users/boazc/workarea/phd/country-flags/combined_generated_flags/1_by_1/png//1/200.png', '/Users/boazc/workarea/phd/country-flags/combined_generated_flags/1_by_1/png//1/237.png', '/Users/boazc/workarea/phd/country-flags/combined_generated_flags/1_by_1/png//1/019.png', '/Users/boazc/workarea/phd/country-flags/combined_generated_flags/1_by_1/png//1/109.png', '/Users/boazc/workarea/phd/country-flags/combined_generated_flags/1_by_1/png//1/091.png', '/Users/boazc/workarea/phd/country-flags/combined_generated_flags/1_by_1/png//1/085.png', '/Users/boazc/workarea/phd/country-flags/combined_generated_flags/1_by_1/png//1/030.png']"
3,1_by_1,generated,True,random,214,9,4,1,1,7,1,0,0,1,0.00,1,0.00,ragolay,"the description ""ragolay"" does not provide any clear information about the images. however, based on the images provided, the description might be referring to a specific pattern or color combination. without further context, it's challenging to determine the exact match.   if ""ragolay"" is meant to refer to a specific flag or design, i would need more information to make an accurate choice. however, if i were to guess based on the images, i would choose image **1** as it has a distinct pattern with a cross, which might be a unique identifier.",index 1,,,"['/Users/boazc/workarea/phd/country-flags/combined_generated_flags/1_by_1/png//1/039.png', '/Users/boazc/workarea/phd/country-flags/combined_generated_flags/1_by_1/png//1/011.png', '/Users/boazc/workarea/phd/country-flags/combined_generated_flags/1_by_1/png//1/133.png', '/Users/boazc/workarea/phd/country-flags/combined_generated_flags/1_by_1/png//1/214.png', '/Users/boazc/workarea/phd/country-flags/combined_generated_flags/1_by_1/png//1/227.png', '/Users/boazc/workarea/phd/country-flags/combined_generated_flags/1_by_1/png//1/212.png', '/Users/boazc/workarea/phd/country-flags/combined_generated_flags/1_by_1/png//1/236.png', '/Users/boazc/workarea/phd/country-flags/combined_generated_flags/1_by_1/png//1/253.png', '/Users/boazc/workarea/phd/country-flags/combined_generated_flags/1_by_1/png//1/102.png', '/Users/boazc/workarea/phd/country-flags/combined_generated_flags/1_by_1/png//1/230.png']"
4,1_by_1,generated,True,random,215,9,4,1,1,8,0,1,0,1,0.00,1,1.00,tricolor,"the description ""tricolor"" suggests an image with three distinct colors. the image that best matches this description is the last one, which has red, blue, and white colors. therefore, the index of the image that matches the description is **10**.",4,,,"['/Users/boazc/workarea/phd/country-flags/combined_generated_flags/1_by_1/png//1/042.png', '/Users/boazc/workarea/phd/country-flags/combined_generated_flags/1_by_1/png//1/048.png', '/Users/boazc/workarea/phd/country-flags/combined_generated_flags/1_by_1/png//1/114.png', '/Users/boazc/workarea/phd/country-flags/combined_generated_flags/1_by_1/png//1/215.png', '/Users/boazc/workarea/phd/country-flags/combined_generated_flags/1_by_1/png//1/088.png', '/Users/boazc/workarea/phd/country-flags/combined_generated_flags/1_by_1/png//1/143.png', '/Users/boazc/workarea/phd/country-flags/combined_generated_flags/1_by_1/png//1/120.png', '/Users/boazc/workarea/phd/country-flags/combined_generated_flags/1_by_1/png//1/136.png', '/Users/boazc/workarea/phd/country-flags/combined_generated_flags/1_by_1/png//1/030.png', '/Users/boazc/workarea/phd/country-flags/combined_generated_flags/1_by_1/png//1/224.png']"
5,1_by_1,generated,True,random,017,9,4,1,1,9,1,0,0,1,0.00,1,0.00,trianglue,"the description ""trianglue"" seems to be a misspelling of ""triangle"" and likely refers to an image with a prominent triangle shape. the image that best matches this description is image 5, which features a white triangle on a blue background.  **5**",5,,,"['/Users/boazc/workarea/phd/country-flags/combined_generated_flags/1_by_1/png//1/158.png', '/Users/boazc/workarea/phd/country-flags/combined_generated_flags/1_by_1/png//1/151.png', '/Users/boazc/workarea/phd/country-flags/combined_generated_flags/1_by_1/png//1/246.png', '/Users/boazc/workarea/phd/country-flags/combined_generated_flags/1_by_1/png//1/017.png', '/Users/boazc/workarea/phd/country-flags/combined_generated_flags/1_by_1/png//1/080.png', '/Users/boazc/workarea/phd/country-flags/combined_generated_flags/1_by_1/png//1/010.png', '/Users/boazc/workarea/phd/country-flags/combined_generated_flags/1_by_1/png//1/205.png', '/Users/boazc/workarea/phd/country-flags/combined_generated_flags/1_by_1/png//1/038.png', '/Users/boazc/workarea/phd/country-flags/combined_generated_flags/1_by_1/png//1/055.png', '/Users/boazc/workarea/phd/country-flags/combined_generated_flags/1_by_1/png//1/103.png']"
6,1_by_1,generated,True,random,188,9,4,1,1,13,1,0,0,1,1.00,1,1.00,redsunbluesky,4,4,,,"['/Users/boazc/workarea/phd/country-flags/combined_generated_flags/1_by_1/png//1/214.png', '/Users/boazc/workarea/phd/country-flags/combined_generated_flags/1_by_1/png//1/138.png', '/Users/boazc/workarea/phd/country-flags/combined_generated_flags/1_by_1/png//1/222.png', '/Users/boazc/workarea/phd/country-flags/combined_generated_flags/1_by_1/png//1/188.png', '/Users/boazc/workarea/phd/country-flags/combined_generated_flags/1_by_1/png//1/197.png', '/Users/boazc/workarea/phd/country-flags/combined_generated_flags/1_by_1/png//1/210.png', '/Users/boazc/workarea/phd/country-flags/combined_generated_flags/1_by_1/png//1/179.png', '/Users/boazc/workarea/phd/country-flags/combined_generated_flags/1_by_1/png//1/044.png', '/Users/boazc/workarea/phd/country-flags/combined_generated_flags/1_by_1/png//1/022.png', '/Users/boazc/workarea/phd/country-flags/combined_generated_flags/1_by_1/png//1/132.png']"
7,1_by_1,generated,True,random,177,9,4,1,1,9,1,0,0,1,1.00,1,1.00,zebraline,"the description ""zebraline"" suggests an image with black and white stripes, similar to a zebra. the image that best matches this description is image 4, which has black and white horizontal stripes.   therefore, the index of the image that matches the description is **4**.",4,,,"['/Users/boazc/workarea/phd/country-flags/combined_generated_flags/1_by_1/png//1/236.png', '/Users/boazc/workarea/phd/country-flags/combined_generated_flags/1_by_1/png//1/056.png', '/Users/boazc/workarea/phd/country-flags/combined_generated_flags/1_by_1/png//1/245.png', '/Users/boazc/workarea/phd/country-flags/combined_generated_flags/1_by_1/png//1/177.png', '/Users/boazc/workarea/phd/country-flags/combined_generated_flags/1_by_1/png//1/182.png', '/Users/boazc/workarea/phd/country-flags/combined_generated_flags/1_by_1/png//1/092.png', '/Users/boazc/workarea/phd/country-flags/combined_generated_flags/1_by_1/png//1/224.png', '/Users/boazc/workarea/phd/country-flags/combined_generated_flags/1_by_1/png//1/085.png', '/Users/boazc/workarea/phd/country-flags/combined_generated_flags/1_by_1/png//1/120.png', '/Users/boazc/workarea/phd/country-flags/combined_generated_flags/1_by_1/png//1/168.png']"
8,1_by_1,generated,True,random,029,9,4,1,1,8,0,1,0,1,0.00,1,1.00,tricolor,"the image that best matches the description ""tricolor"" is image **5**.",4,,,"['/Users/boazc/workarea/phd/country-flags/combined_generated_flags/1_by_1/png//1/092.png', '/Users/boazc/workarea/phd/country-flags/combined_generated_flags/1_by_1/png//1/096.png', '/Users/boazc/workarea/phd/country-flags/combined_generated_flags/1_by_1/png//1/132.png', '/Users/boazc/workarea/phd/country-flags/combined_generated_flags/1_by_1/png//1/029.png', '/Users/boazc/workarea/phd/country-flags/combined_generated_flags/1_by_1/png//1/214.png', '/Users/boazc/workarea/phd/country-flags/combined_generated_flags/1_by_1/png//1/037.png', '/Users/boazc/workarea/phd/country-flags/combined_generated_flags/1_by_1/png//1/068.png', '/Users/boazc/workarea/phd/country-flags/combined_generated_flags/1_by_1/png//1/093.png', '/Users/boazc/workarea/phd/country-flags/combined_generated_flags/1_by_1/png//1/085.png', '/Users/boazc/workarea/phd/country-flags/combined_generated_flags/1_by_1/png//1/203.png']"
9,1_by_1,generated,True,random,015,9,4,1,1,9,1,0,0,1,0.00,1,1.00,trianglix,"the description ""trianglix"" suggests an image with a triangle. the image that best matches this description is image 10, which features a yellow triangle on a blue background.   therefore, the index of the image that matches the description is **10**.",4,,,"['/Users/boazc/workarea/phd/country-flags/combined_generated_flags/1_by_1/png//1/182.png', '/Users/boazc/workarea/phd/country-flags/combined_generated_flags/1_by_1/png//1/048.png', '/Users/boazc/workarea/phd/country-flags/combined_generated_flags/1_by_1/png//1/024.png', '/Users/boazc/workarea/phd/country-flags/combined_generated_flags/1_by_1/png//1/015.png', '/Users/boazc/workarea/phd/country-flags/combined_generated_flags/1_by_1/png//1/002.png', '/Users/boazc/workarea/phd/country-flags/combined_generated_flags/1_by_1/png//1/091.png', '/Users/boazc/workarea/phd/country-flags/combined_generated_flags/1_by_1/png//1/180.png', '/Users/boazc/workarea/phd/country-flags/combined_generated_flags/1_by_1/png//1/194.png', '/Users/boazc/workarea/phd/country-flags/combined_generated_flags/1_by_1/png//1/136.png', '/Users/boazc/workarea/phd/country-flags/combined_generated_flags/1_by_1/png//1/096.png']"
